{"cameraMode":{"drawMode":0,"name":"Shaded","section":"Shading Mode"},"sceneLighting":true,"audioPlay":false,"sceneViewState":{"m_AlwaysRefresh":false,"showFog":true,"showSkybox":true,"showFlares":true,"showImageEffects":true,"showParticleSystems":true,"showVisualEffectGraphs":true,"m_FxEnabled":true},"in2DMode":false,"pivot":{"x":3.4259469509124758,"y":4.3497443199157719,"z":-10.481954574584961},"rotation":{"x":-0.020462479442358018,"y":-0.9795415997505188,"z":0.1414356380701065,"w":-0.14174039661884309},"size":1.4168946743011475,"orthographic":false}